{
  "id": "f3097cc1-a4f6-4c41-b350-69837cd47620",
  "name": "Floor",
  "isOverridable": true,
  "entries": [
    {
      "value": "2nd level",
      "synonyms": [
        "2nd level"
      ]
    },
    {
      "value": "2nd lvl",
      "synonyms": [
        "2nd lvl"
      ]
    },
    {
      "value": "3rd floor",
      "synonyms": [
        "3rd floor"
      ]
    },
    {
      "value": "3rd level",
      "synonyms": [
        "3rd level"
      ]
    },
    {
      "value": "3rd lvl",
      "synonyms": [
        "3rd lvl"
      ]
    },
    {
      "value": "4th level",
      "synonyms": [
        "4th level"
      ]
    },
    {
      "value": "5th floor ",
      "synonyms": [
        "5th floor "
      ]
    },
    {
      "value": "5th lvl",
      "synonyms": [
        "5th lvl"
      ]
    },
    {
      "value": "downstairs",
      "synonyms": [
        "downstairs"
      ]
    },
    {
      "value": "fifth floor",
      "synonyms": [
        "fifth floor"
      ]
    },
    {
      "value": "fifth storey",
      "synonyms": [
        "fifth storey"
      ]
    },
    {
      "value": "first floor",
      "synonyms": [
        "first floor"
      ]
    },
    {
      "value": "ground floor",
      "synonyms": [
        "ground floor"
      ]
    },
    {
      "value": "ground level",
      "synonyms": [
        "ground level"
      ]
    },
    {
      "value": "main floor",
      "synonyms": [
        "main floor"
      ]
    },
    {
      "value": "second floor",
      "synonyms": [
        "second floor"
      ]
    },
    {
      "value": "second lvl",
      "synonyms": [
        "second lvl"
      ]
    },
    {
      "value": "sixth storey",
      "synonyms": [
        "sixth storey"
      ]
    },
    {
      "value": "third floor",
      "synonyms": [
        "third floor"
      ]
    },
    {
      "value": "top floor",
      "synonyms": [
        "top floor"
      ]
    },
    {
      "value": "upper floor",
      "synonyms": [
        "upper floor"
      ]
    }
  ],
  "isEnum": true,
  "automatedExpansion": true
}