{
  "id": "e6e1802f-c80c-4dfa-b616-a991ff97de0c",
  "name": "Orientation",
  "isOverridable": true,
  "entries": [
    {
      "value": "front side",
      "synonyms": [
        "front side"
      ]
    },
    {
      "value": "next to",
      "synonyms": [
        "next to"
      ]
    },
    {
      "value": "north side",
      "synonyms": [
        "north side"
      ]
    },
    {
      "value": "outside",
      "synonyms": [
        "outside"
      ]
    },
    {
      "value": "southern area",
      "synonyms": [
        "southern area"
      ]
    },
    {
      "value": "throughout",
      "synonyms": [
        "throughout"
      ]
    },
    {
      "value": "whole",
      "synonyms": [
        "whole"
      ]
    }
  ],
  "isEnum": true,
  "automatedExpansion": true
}