{
  "id": "3cbb3486-19b4-4ebf-b792-0135fabdbdf5",
  "name": "Position",
  "isOverridable": true,
  "entries": [
    {
      "value": "basement",
      "synonyms": [
        "basement"
      ]
    },
    {
      "value": "boiler room",
      "synonyms": [
        "boiler room"
      ]
    },
    {
      "value": "building",
      "synonyms": [
        "building"
      ]
    },
    {
      "value": "cafeteria",
      "synonyms": [
        "cafeteria"
      ]
    },
    {
      "value": "cellar",
      "synonyms": [
        "cellar"
      ]
    },
    {
      "value": "customer area",
      "synonyms": [
        "customer area"
      ]
    },
    {
      "value": "dining hall",
      "synonyms": [
        "dining hall"
      ]
    },
    {
      "value": "entrance room",
      "synonyms": [
        "entrance room"
      ]
    },
    {
      "value": "facade",
      "synonyms": [
        "facade"
      ]
    },
    {
      "value": "foyer",
      "synonyms": [
        "foyer"
      ]
    },
    {
      "value": "front door",
      "synonyms": [
        "front door"
      ]
    },
    {
      "value": "garden",
      "synonyms": [
        "garden"
      ]
    },
    {
      "value": "girl\u0027s room",
      "synonyms": [
        "girl\u0027s room"
      ]
    },
    {
      "value": "girls room",
      "synonyms": [
        "girls room"
      ]
    },
    {
      "value": "hall",
      "synonyms": [
        "hall"
      ]
    },
    {
      "value": "hallway",
      "synonyms": [
        "hallway"
      ]
    },
    {
      "value": "information area",
      "synonyms": [
        "information area"
      ]
    },
    {
      "value": "kitchen",
      "synonyms": [
        "kitchen"
      ]
    },
    {
      "value": "lounge",
      "synonyms": [
        "lounge"
      ]
    },
    {
      "value": "mens room",
      "synonyms": [
        "mens room"
      ]
    },
    {
      "value": "office",
      "synonyms": [
        "office"
      ]
    },
    {
      "value": "open-plan office",
      "synonyms": [
        "open-plan office"
      ]
    },
    {
      "value": "reception",
      "synonyms": [
        "reception"
      ]
    },
    {
      "value": "restroom",
      "synonyms": [
        "restroom"
      ]
    },
    {
      "value": "roof",
      "synonyms": [
        "roof"
      ]
    },
    {
      "value": "room",
      "synonyms": [
        "room"
      ]
    },
    {
      "value": "stairway",
      "synonyms": [
        "stairway"
      ]
    },
    {
      "value": "stairwell",
      "synonyms": [
        "stairwell"
      ]
    },
    {
      "value": "storage room",
      "synonyms": [
        "storage room"
      ]
    },
    {
      "value": "storage space",
      "synonyms": [
        "storage space"
      ]
    },
    {
      "value": "store",
      "synonyms": [
        "store"
      ]
    },
    {
      "value": "store room",
      "synonyms": [
        "store room"
      ]
    },
    {
      "value": "storeroom",
      "synonyms": [
        "storeroom"
      ]
    },
    {
      "value": "technical room",
      "synonyms": [
        "technical room"
      ]
    },
    {
      "value": "trash",
      "synonyms": [
        "trash"
      ]
    },
    {
      "value": "work place",
      "synonyms": [
        "work place"
      ]
    },
    {
      "value": "workplace",
      "synonyms": [
        "workplace"
      ]
    },
    {
      "value": "workstation",
      "synonyms": [
        "workstation"
      ]
    }
  ],
  "isEnum": true,
  "automatedExpansion": true
}