{
  "id": "d83daaaf-f5f3-4542-861e-a117aabbaf47",
  "name": "Reference",
  "isOverridable": true,
  "entries": [
    {
      "value": "air",
      "synonyms": [
        "air"
      ]
    },
    {
      "value": "air conditioning",
      "synonyms": [
        "air conditioning"
      ]
    },
    {
      "value": "blocks of ice",
      "synonyms": [
        "blocks of ice"
      ]
    },
    {
      "value": "burglars",
      "synonyms": [
        "burglars"
      ]
    },
    {
      "value": "carpet",
      "synonyms": [
        "carpet"
      ]
    },
    {
      "value": "computer",
      "synonyms": [
        "computer"
      ]
    },
    {
      "value": "door",
      "synonyms": [
        "door"
      ]
    },
    {
      "value": "doors paint",
      "synonyms": [
        "doors paint"
      ]
    },
    {
      "value": "dowels",
      "synonyms": [
        "dowels"
      ]
    },
    {
      "value": "electricity",
      "synonyms": [
        "electricity"
      ]
    },
    {
      "value": "elevator",
      "synonyms": [
        "elevator"
      ]
    },
    {
      "value": "escalator",
      "synonyms": [
        "escalator"
      ]
    },
    {
      "value": "extinguisher",
      "synonyms": [
        "extinguisher"
      ]
    },
    {
      "value": "fire",
      "synonyms": [
        "fire"
      ]
    },
    {
      "value": "fire drencher",
      "synonyms": [
        "fire drencher"
      ]
    },
    {
      "value": "fire extinguisher",
      "synonyms": [
        "fire extinguisher"
      ]
    },
    {
      "value": "first aid kit",
      "synonyms": [
        "first aid kit"
      ]
    },
    {
      "value": "internet",
      "synonyms": [
        "internet"
      ]
    },
    {
      "value": "laptop",
      "synonyms": [
        "laptop"
      ]
    },
    {
      "value": "light",
      "synonyms": [
        "light"
      ]
    },
    {
      "value": "lighting for escape routes",
      "synonyms": [
        "lighting for escape routes"
      ]
    },
    {
      "value": "lights",
      "synonyms": [
        "lights"
      ]
    },
    {
      "value": "pipe",
      "synonyms": [
        "pipe"
      ]
    },
    {
      "value": "racist graffiti",
      "synonyms": [
        "racist graffiti"
      ]
    },
    {
      "value": "roller door",
      "synonyms": [
        "roller door"
      ]
    },
    {
      "value": "rug",
      "synonyms": [
        "rug"
      ]
    },
    {
      "value": "sink",
      "synonyms": [
        "sink"
      ]
    },
    {
      "value": "temperature",
      "synonyms": [
        "temperature"
      ]
    },
    {
      "value": "terrorists",
      "synonyms": [
        "terrorists"
      ]
    },
    {
      "value": "toilet",
      "synonyms": [
        "toilet"
      ]
    },
    {
      "value": "toilet drain",
      "synonyms": [
        "toilet drain"
      ]
    },
    {
      "value": "trees",
      "synonyms": [
        "trees"
      ]
    },
    {
      "value": "ventilation",
      "synonyms": [
        "ventilation"
      ]
    },
    {
      "value": "wall",
      "synonyms": [
        "wall"
      ]
    },
    {
      "value": "water faucet",
      "synonyms": [
        "water faucet"
      ]
    },
    {
      "value": "web",
      "synonyms": [
        "web"
      ]
    },
    {
      "value": "window",
      "synonyms": [
        "window"
      ]
    },
    {
      "value": "window lighting",
      "synonyms": [
        "window lighting"
      ]
    }
  ],
  "isEnum": true,
  "automatedExpansion": true
}