{
  "id": "97d362d5-5d9f-4227-8252-d59702b0f894",
  "name": "RoomNumber",
  "isOverridable": true,
  "entries": [
    {
      "value": "1225",
      "synonyms": [
        "1225"
      ]
    },
    {
      "value": "134",
      "synonyms": [
        "134"
      ]
    },
    {
      "value": "16D",
      "synonyms": [
        "16D"
      ]
    },
    {
      "value": "3.42",
      "synonyms": [
        "3.42"
      ]
    },
    {
      "value": "325",
      "synonyms": [
        "325"
      ]
    },
    {
      "value": "345",
      "synonyms": [
        "345"
      ]
    },
    {
      "value": "42",
      "synonyms": [
        "42"
      ]
    },
    {
      "value": "434-3",
      "synonyms": [
        "434-3"
      ]
    },
    {
      "value": "5.233",
      "synonyms": [
        "5.233"
      ]
    },
    {
      "value": "5.46",
      "synonyms": [
        "5.46"
      ]
    },
    {
      "value": "534",
      "synonyms": [
        "534"
      ]
    },
    {
      "value": "C4",
      "synonyms": [
        "C4"
      ]
    },
    {
      "value": "D243",
      "synonyms": [
        "D243"
      ]
    },
    {
      "value": "D42",
      "synonyms": [
        "D42"
      ]
    },
    {
      "value": "E.42",
      "synonyms": [
        "E.42"
      ]
    }
  ],
  "isEnum": true,
  "automatedExpansion": true
}