{
  "id": "5f3b740b-c9e3-476d-a0f5-304dec17e5bf",
  "name": "Symptom",
  "isOverridable": true,
  "entries": [
    {
      "value": "broke into",
      "synonyms": [
        "broke into"
      ]
    },
    {
      "value": "broken",
      "synonyms": [
        "broken"
      ]
    },
    {
      "value": "burst",
      "synonyms": [
        "burst"
      ]
    },
    {
      "value": "can not be opened",
      "synonyms": [
        "can not be opened"
      ]
    },
    {
      "value": "can\u0027t access",
      "synonyms": [
        "can\u0027t access"
      ]
    },
    {
      "value": "can\u0027t get in",
      "synonyms": [
        "can\u0027t get in"
      ]
    },
    {
      "value": "cannot be opened",
      "synonyms": [
        "cannot be opened"
      ]
    },
    {
      "value": "cleaned insufficiently",
      "synonyms": [
        "cleaned insufficiently"
      ]
    },
    {
      "value": "cleansed not very carefully",
      "synonyms": [
        "cleansed not very carefully"
      ]
    },
    {
      "value": "clogged up",
      "synonyms": [
        "clogged up"
      ]
    },
    {
      "value": "coffee stains",
      "synonyms": [
        "coffee stains"
      ]
    },
    {
      "value": "damaged",
      "synonyms": [
        "damaged"
      ]
    },
    {
      "value": "damp",
      "synonyms": [
        "damp"
      ]
    },
    {
      "value": "defect",
      "synonyms": [
        "defect"
      ]
    },
    {
      "value": "defective",
      "synonyms": [
        "defective"
      ]
    },
    {
      "value": "demolished",
      "synonyms": [
        "demolished"
      ]
    },
    {
      "value": "dented",
      "synonyms": [
        "dented"
      ]
    },
    {
      "value": "devastated",
      "synonyms": [
        "devastated"
      ]
    },
    {
      "value": "didn\u0027t close properly",
      "synonyms": [
        "didn\u0027t close properly"
      ]
    },
    {
      "value": "dirty",
      "synonyms": [
        "dirty"
      ]
    },
    {
      "value": "does not work",
      "synonyms": [
        "does not work"
      ]
    },
    {
      "value": "doesn\u0027t boot",
      "synonyms": [
        "doesn\u0027t boot"
      ]
    },
    {
      "value": "doesn\u0027t connect to the internet",
      "synonyms": [
        "doesn\u0027t connect to the internet"
      ]
    },
    {
      "value": "doesn\u0027t flush right",
      "synonyms": [
        "doesn\u0027t flush right"
      ]
    },
    {
      "value": "doesn\u0027t work",
      "synonyms": [
        "doesn\u0027t work"
      ]
    },
    {
      "value": "down",
      "synonyms": [
        "down"
      ]
    },
    {
      "value": "endangering",
      "synonyms": [
        "endangering"
      ]
    },
    {
      "value": "expired",
      "synonyms": [
        "expired"
      ]
    },
    {
      "value": "failed",
      "synonyms": [
        "failed"
      ]
    },
    {
      "value": "falling",
      "synonyms": [
        "falling"
      ]
    },
    {
      "value": "filthy",
      "synonyms": [
        "filthy"
      ]
    },
    {
      "value": "flickering",
      "synonyms": [
        "flickering"
      ]
    },
    {
      "value": "forgotten",
      "synonyms": [
        "forgotten"
      ]
    },
    {
      "value": "full of spider webs",
      "synonyms": [
        "full of spider webs"
      ]
    },
    {
      "value": "hold-up",
      "synonyms": [
        "hold-up"
      ]
    },
    {
      "value": "hot chocolate spots",
      "synonyms": [
        "hot chocolate spots"
      ]
    },
    {
      "value": "incomplete",
      "synonyms": [
        "incomplete"
      ]
    },
    {
      "value": "failing",
      "synonyms": [
        "failing"
      ]
    },
    {
      "value": "isn\u0027t working",
      "synonyms": [
        "isn\u0027t working"
      ]
    },
    {
      "value": "leftovers",
      "synonyms": [
        "leftovers"
      ]
    },
    {
      "value": "messy",
      "synonyms": [
        "messy"
      ]
    },
    {
      "value": "missing",
      "synonyms": [
        "missing"
      ]
    },
    {
      "value": "no electricity",
      "synonyms": [
        "no electricity"
      ]
    },
    {
      "value": "no internet connection",
      "synonyms": [
        "no internet connection"
      ]
    },
    {
      "value": "no power",
      "synonyms": [
        "no power"
      ]
    },
    {
      "value": "out-of-date",
      "synonyms": [
        "out-of-date"
      ]
    },
    {
      "value": "overflowing",
      "synonyms": [
        "overflowing"
      ]
    },
    {
      "value": "overheated",
      "synonyms": [
        "overheated"
      ]
    },
    {
      "value": "partially defect",
      "synonyms": [
        "partially defect"
      ]
    },
    {
      "value": "shattered",
      "synonyms": [
        "shattered"
      ]
    },
    {
      "value": "smelly",
      "synonyms": [
        "smelly"
      ]
    },
    {
      "value": "spilled some tea",
      "synonyms": [
        "spilled some tea"
      ]
    },
    {
      "value": "squeaking",
      "synonyms": [
        "squeaking"
      ]
    },
    {
      "value": "stale",
      "synonyms": [
        "stale"
      ]
    },
    {
      "value": "stinks brutally",
      "synonyms": [
        "stinks brutally"
      ]
    },
    {
      "value": "suffocating",
      "synonyms": [
        "suffocating"
      ]
    },
    {
      "value": "super hot",
      "synonyms": [
        "super hot"
      ]
    },
    {
      "value": "too hot",
      "synonyms": [
        "too hot"
      ]
    },
    {
      "value": "too humid",
      "synonyms": [
        "too humid"
      ]
    },
    {
      "value": "under water",
      "synonyms": [
        "under water"
      ]
    },
    {
      "value": "vandalized",
      "synonyms": [
        "vandalized"
      ]
    },
    {
      "value": "very cold",
      "synonyms": [
        "very cold"
      ]
    },
    {
      "value": "won\u0027t flush",
      "synonyms": [
        "won\u0027t flush"
      ]
    },
    {
      "value": "worn out",
      "synonyms": [
        "worn out"
      ]
    },
    {
      "value": "wrong",
      "synonyms": [
        "wrong"
      ]
    }
  ],
  "isEnum": true,
  "automatedExpansion": true
}