{
  "userSays": [
    {
      "id": "1f082cb9-2bb6-43be-9404-4a229288c676",
      "data": [
        {
          "text": "I like fruit."
        }
      ],
      "isTemplate": false,
      "count": 0
    },
    {
      "id": "508e9ef2-ad29-4c80-9143-ec688c356525",
      "data": [
        {
          "text": "I\u0027m feeling blue."
        }
      ],
      "isTemplate": false,
      "count": 0
    },
    {
      "id": "27481cfa-95e8-4104-bc9d-74c56fe17116",
      "data": [
        {
          "text": "I have two kids."
        }
      ],
      "isTemplate": false,
      "count": 0
    },
    {
      "id": "bf273435-fe60-473d-9dee-0997af461ed3",
      "data": [
        {
          "text": "It\u0027s foul weather today."
        }
      ],
      "isTemplate": false,
      "count": 0
    },
    {
      "id": "54d23ebb-33b9-462c-a547-ceaf159ab49e",
      "data": [
        {
          "text": "The color of my car is green."
        }
      ],
      "isTemplate": false,
      "count": 0
    },
    {
      "id": "443e4744-754f-491f-b4cf-a185e9e6458a",
      "data": [
        {
          "text": "It kept raining almost all day long."
        }
      ],
      "isTemplate": false,
      "count": 0
    },
    {
      "id": "4c054c33-66e4-490f-a6d2-994ff1c6b298",
      "data": [
        {
          "text": "My car is a real clunker."
        }
      ],
      "isTemplate": false,
      "count": 0
    },
    {
      "id": "8060398a-0c11-4159-9ee0-6aa792014856",
      "data": [
        {
          "text": "This is a test"
        }
      ],
      "isTemplate": false,
      "count": 0
    },
    {
      "id": "96550cf8-a273-4c8a-a400-942f6f44d57d",
      "data": [
        {
          "text": "Test"
        }
      ],
      "isTemplate": false,
      "count": 0
    },
    {
      "id": "920d9dd0-91af-4158-9d66-a4f35cbb02de",
      "data": [
        {
          "text": "Mrs Miller wants the entire house repainted."
        }
      ],
      "isTemplate": false,
      "count": 0
    },
    {
      "id": "a4f9d100-29da-42cb-80b9-0cdc8ef215e0",
      "data": [
        {
          "text": "I live in Paderborn"
        }
      ],
      "isTemplate": false,
      "count": 0
    },
    {
      "id": "156d8b7e-51f0-47ff-bf29-cbde7d2959e1",
      "data": [
        {
          "text": "I live near Berlin"
        }
      ],
      "isTemplate": false,
      "count": 0
    },
    {
      "id": "d7a8d9d1-557f-44da-a682-b13ca8cdfbfe",
      "data": [
        {
          "text": "I am living in an apartment very close to Munich"
        }
      ],
      "isTemplate": false,
      "count": 0
    },
    {
      "id": "821d7bdf-75e6-458e-a585-1b4cd6c03acf",
      "data": [
        {
          "text": "I currently live near Hamburg"
        }
      ],
      "isTemplate": false,
      "count": 0
    },
    {
      "id": "0ff54b16-a955-4536-afb0-8a68bbad438a",
      "data": [
        {
          "text": "It was nice to meet you"
        }
      ],
      "isTemplate": false,
      "count": 0
    },
    {
      "id": "0c38696d-14ea-4a2b-99a6-f47baf5b6dc1",
      "data": [
        {
          "text": "You are very pretty."
        }
      ],
      "isTemplate": false,
      "count": 0
    },
    {
      "id": "b8a4ccec-02d5-4fbd-9e51-5a50bd58c451",
      "data": [
        {
          "text": "How are you?"
        }
      ],
      "isTemplate": false,
      "count": 0
    },
    {
      "id": "df2957f3-0d37-4843-8e9a-2b2f16902af9",
      "data": [
        {
          "text": "How are you doing?"
        }
      ],
      "isTemplate": false,
      "count": 0
    },
    {
      "id": "21de9f24-53be-4029-94b3-c6dfc377e33c",
      "data": [
        {
          "text": "What\u0027s your name?"
        }
      ],
      "isTemplate": false,
      "count": 0
    },
    {
      "id": "18f14cd0-7511-468b-86ab-66b3f21e6694",
      "data": [
        {
          "text": "My cousin will visit me tomorrow"
        }
      ],
      "isTemplate": false,
      "count": 0
    },
    {
      "id": "54bd0cf0-c7b1-4715-9f3d-c47eb7d7708f",
      "data": [
        {
          "text": "I dyed my hair"
        }
      ],
      "isTemplate": false,
      "count": 0
    },
    {
      "id": "3c4f1ef4-2657-43d9-87bd-eceb313c045d",
      "data": [
        {
          "text": "Today I  had some ice cream"
        }
      ],
      "isTemplate": false,
      "count": 0
    },
    {
      "id": "bfb6862b-92fa-4507-a95c-c744cd209fc4",
      "data": [
        {
          "text": "Yesterday I bought ice cream"
        }
      ],
      "isTemplate": false,
      "count": 0
    },
    {
      "id": "40f70f64-d16e-4789-a340-3ce00b3184d7",
      "data": [
        {
          "text": "Last week I had to buy a new fire extinguisher "
        }
      ],
      "isTemplate": false,
      "count": 0
    },
    {
      "id": "af8d0c3b-4523-4eec-85fb-a54027ff9b9b",
      "data": [
        {
          "text": "Luckily my basement is cold enough to store food"
        }
      ],
      "isTemplate": false,
      "count": 0
    },
    {
      "id": "82c391f0-b567-4be3-8251-ded79fd4c0bb",
      "data": [
        {
          "text": "I wrote a test today."
        }
      ],
      "isTemplate": false,
      "count": 0
    },
    {
      "id": "7d66111f-b1f6-4503-92ea-37682e047458",
      "data": [
        {
          "text": "Let\u0027s go to a party tonight!"
        }
      ],
      "isTemplate": false,
      "count": 0
    },
    {
      "id": "f08a7a61-e349-40f3-b2d9-0f5526512faa",
      "data": [
        {
          "text": "My favourite music genre is alternative rock."
        }
      ],
      "isTemplate": false,
      "count": 0
    },
    {
      "id": "f5e5a353-a9b7-4459-a1be-c07c0e620893",
      "data": [
        {
          "text": "Hello"
        }
      ],
      "isTemplate": false,
      "count": 0
    },
    {
      "id": "3a69e1d3-8b80-48f8-954e-dbf521eb5640",
      "data": [
        {
          "text": "Ok"
        }
      ],
      "isTemplate": false,
      "count": 0
    },
    {
      "id": "a621a7d9-8b3a-470a-b6a0-1b8188003a6a",
      "data": [
        {
          "text": "My office is still unfurnished "
        }
      ],
      "isTemplate": false,
      "count": 0
    },
    {
      "id": "0a2623b8-1165-4f20-8138-2f8180cbaece",
      "data": [
        {
          "text": "I\u0027ll be waiting in the hotel lobby"
        }
      ],
      "isTemplate": false,
      "count": 0
    },
    {
      "id": "151775f7-0618-4689-a0ca-6fdf48843eeb",
      "data": [
        {
          "text": "I have to go to the bathroom"
        }
      ],
      "isTemplate": false,
      "count": 0
    },
    {
      "id": "b09f01f7-ce7a-42af-8e92-2aed88bd8436",
      "data": [
        {
          "text": "My sink is made out of stainless steel."
        }
      ],
      "isTemplate": false,
      "count": 0
    },
    {
      "id": "1edff253-2759-4f6b-b1db-60297a6e5c8a",
      "data": [
        {
          "text": "self-cleaning toilets are neat"
        }
      ],
      "isTemplate": false,
      "count": 0
    },
    {
      "id": "5d62c64c-f70f-4d44-b2e7-3d0f7bb8fd9a",
      "data": [
        {
          "text": "The restroom there was very relaxing"
        }
      ],
      "isTemplate": false,
      "count": 0
    },
    {
      "id": "749aeb78-50cb-405f-8f9a-6dfa5b3cea88",
      "data": [
        {
          "text": "No"
        }
      ],
      "isTemplate": false,
      "count": 0
    },
    {
      "id": "3be91fd6-6018-4366-8363-c5f8fd8d7023",
      "data": [
        {
          "text": "the assembly hall was huge"
        }
      ],
      "isTemplate": false,
      "count": 0
    },
    {
      "id": "871b15ed-e5a3-4024-b79c-384990e468a3",
      "data": [
        {
          "text": "Maybe"
        }
      ],
      "isTemplate": false,
      "count": 0
    },
    {
      "id": "bf62dabf-50f1-4713-b2ce-c3468e2fadb1",
      "data": [
        {
          "text": "I guess"
        }
      ],
      "isTemplate": false,
      "count": 0
    },
    {
      "id": "9626697b-15a0-4545-91b3-bd504e5a2a49",
      "data": [
        {
          "text": "My workroom is only sparsely decorated"
        }
      ],
      "isTemplate": false,
      "count": 0
    },
    {
      "id": "8eec3f9d-9b9c-4d15-9bae-b4d76c082d70",
      "data": [
        {
          "text": "My cellar is quite large"
        }
      ],
      "isTemplate": false,
      "count": 0
    },
    {
      "id": "0bb34afa-0af7-4123-a872-63f5a34a8daf",
      "data": [
        {
          "text": "I only drink tap water"
        }
      ],
      "isTemplate": false,
      "count": 0
    },
    {
      "id": "6a9f3cbe-7bc4-4e05-b95f-d4da55ee6b9a",
      "data": [
        {
          "text": "The coffee stain is bothering me a lot"
        }
      ],
      "isTemplate": false,
      "count": 0
    },
    {
      "id": "63bc34c9-d1d9-43f9-a6e6-7c84d1b1f9cc",
      "data": [
        {
          "text": "I painted my wall 4 different colours"
        }
      ],
      "isTemplate": false,
      "count": 0
    },
    {
      "id": "a5ba25fb-a8fc-42fc-aa99-cdce52d4bd58",
      "data": [
        {
          "text": "Today a friend spilled coffee on my jeans"
        }
      ],
      "isTemplate": false,
      "count": 0
    },
    {
      "id": "56e1e1c2-f8d0-47fb-9083-b63970b62d8c",
      "data": [
        {
          "text": "Where are you?"
        }
      ],
      "isTemplate": false,
      "count": 0
    },
    {
      "id": "76a8aa1f-5a74-4bd6-9377-51aab6f4bea1",
      "data": [
        {
          "text": "Do you know John?"
        }
      ],
      "isTemplate": false,
      "count": 0
    },
    {
      "id": "28c251cf-31c5-4747-afb9-babc0c068f57",
      "data": [
        {
          "text": "Is this a test?"
        }
      ],
      "isTemplate": false,
      "count": 0
    },
    {
      "id": "41c11630-5ebc-4284-9c5c-29c3cb91d521",
      "data": [
        {
          "text": "Are you crazy?"
        }
      ],
      "isTemplate": false,
      "count": 0
    }
  ],
  "id": "777bf10d-ab4f-44fc-8b90-0993e8e2e8d1",
  "name": "None",
  "auto": true,
  "contexts": [],
  "responses": [
    {
      "resetContexts": false,
      "affectedContexts": [],
      "parameters": []
    }
  ],
  "priority": 500000,
  "webhookUsed": false,
  "webhookForSlotFilling": false,
  "fallbackIntent": false,
  "events": []
}